名字,类型,教程,百度,夸克,迅雷,移动,蓝奏云【??里输??里的提取码，可以直接下单本txt】,uc,联系方式,日期,查询编号！,备注
"01影视音乐短剧100项
4K剧下饭5项
23影视4项
91毒舌电影
Girigiri（爱动漫）2项
heibai弹幕4项
KW3项
MicoMico2项
Mi动漫2项
omofun2项
YIYI影视2项
【电视版】极影视界TV2项
【电视版】清流影视TV2项
【电视版】紫金草视频TV端2项
一起刷2项
云云视频2项
享趣视频2项
全民电视直播2项
剧岛2项
动漫共和国2项
华数TV2项
卡音6项
咕噜咕噜2项
咕噜映画2项
咸鱼视频2项
哔哩哔哩（bilibili）2项
哪吒视频2项
四叶草2项
囧次元4项
壳儿影视2项
壹影视2项
夜猫影视2项
大师兄影视
大鱼视频（紫树视频）2项
天天静听2项
奇奇视频2项
小柚子
小柿子2项
小羊4K2项
小豆视界3项
布布影视2项
幕悦时光2项
影视仓4项
影视猫 Plus（布蕾4K）2项
心动视界2项
快映4K
星影视频2项
星空追剧2项
极光影院2项
极光视界3项
橘喵4K2项
橘汁3项
次元城动画2项
毒舌电影1项
火车太顺2项
爱壹帆2项
爱影视（爱电影）2项
爱看剧场2项
爱看影视2项
牛牛视频3项
特狗APP
瓜子影视2项
电影天堂2项
电影猎手1项
番喜视频2项
短剧汪2项
稀饭动漫2项
紫金草视频2项
繁花影视2项
聆听音乐2项
腾讯视频4项
花小猪影视3项
若惜追剧2项
蒙太奇（4K草莓熊）2项
蓝鹰2项
豆丁视频2项
豚豚剧2项
资源猫2项
追剧达人2项
追影匣（幕启星河）2项
追忆影视3项
追番达人4项
速搜视频4项
金牌影院4项
闪映剧场2项
随心影视2项
随看影视2项
零度影视（MINO 4K）2项
顾我追剧3项
魔方4K2项
鲨鱼剧场（蓝鲸视频）3项
麻花视频2项
Audio-mack（音乐下载器）Ver.6.45.1 高级版 去广告.apk43.45 MB
IPTV電視直播 Ver.5.1.6 禁止广告初始化 去更新.apk29.62 MB
儿歌点点 Ver.4.5.8 会员版 去广告.apk66.52 MB
泰圈 Ver.1.5.7.1 免广告领会员 去除广告 去除更新 去除公告 去除获取剪切板数据.apk42.58 MB
爱奇艺PAD Ver.15.9.0 去广告 更新 精简布局.apk111.56 MB
美剧侠 Ver.2.3.2 去广告 去更新.apk43.63 MB
萌宝绘本故事 Ver.7.1.0.2 会员版 去更新 去除友盟.apk50.20 MB
蛇果视频（原西柚、剧星视频）Ver.7.3.2 会员版 去更新 去广告.apk37.24 MB
阳光彼岸 Ver.3.0.2 禁止广告初始化 去更新 去除公告 其他布局调整.apk",??,??：https://www.kdocs.cn/l/cmy3FUHCYgvW   ,,https://pan.quark.cn/s/067ea04ddbe2,,,,,WX:hecbof     qq群:344182238,2026/4/9,16728,??软件
"02漫画小说听书
55项
MyComic（漫画软件）
4项
ovo漫画
2项
Souman（搜漫）
2项
七猫免费小说
4项
听中国听书
4项
唔语听书
2项
喜马拉雅
5项
喜马拉雅极速版
4项
喵呜漫画
2项
喵趣（轻漫岛）
2项
小书包
2项
小梨听书
2项
拷貝漫畫（拷贝漫画）
3项
掌阅
3项
昊昊享听（昊昊听书）
2项
星so（你搜）
3项
星漫辰（零界绘系列）
2项
星绘漫
3项
有听故事圈
2项
栗子漫画
2项
桔子阅读器
2项
橙子阅读
2项
海鱼小说
2项
淘小说
2项
漫拾光
2项
漫狐X
2项
漫趣漫画
2项
爱听书
2项
爱看书免费小说
2项
猫番阅读
2项
番??系列全家桶
2项
皮皮喵
2项
知音漫客
2项
繁花漫画
2项
胡桃爱读书
2项
芝士漫画
2项
萌喵漫画
2项
落叶楼阅读
2项
西西小屋
2项
Cimoc（漫画阅读器）Ver.1.7.239 禁止广告初始化 去更新 去除公告 去除获取隐私权限.apk
23.57 MB
七猫免费听书 Ver.1.9 会员版 去更新 去广告 去除友盟.apk
51.40 MB
东南小说 Ver.1.5.20 禁止广告初始化 去更新 去除盗版检测 去除友盟.apk
29.79 MB
云听（FM电台）Ver.7.2.3 会员版(需登录) 去广告 去搜索热词.apk
147.84 MB
云漫 Ver.2.5.4 纯净版 去更新 去除友盟.apk
13.65 MB
声阅 Ver.2.4 免广告获得奖励.apk
31.73 MB
布咕阅读 Ver.2.7.4 免广告获得奖励 去更新.apk
58.23 MB
我的听书 Ver.2.6.0 禁止广告初始化 去更新 完美修复.apk
26.24 MB
有声小说 Ver.1.1.1 去广告版.apk
40.52 MB
神漫堂 Ver.1.1.0 去广告版.apk
16.12 MB
起点读书 Ver.7.9.424 免广告获得奖励 本地会员 去更新 自动签到 去除预载书籍 精简布局 修复部分机型闪退.apk
70.55 MB
连尚读书 Ver.4.2.0 会员版 禁止广告初始化 其他布局调整.apk
56.98 MB
追书大全 Ver.5.0.2 禁止广告初始化 去除下载及听书限制 去除友盟 其他布局调整.apk
20.72 MB
追书神器 Ver.4.85.91 会员版 免广告获得奖励 去更新 去除福利Tab 去广告.apk
57.53 MB
阅读（内置书源）Ver.4005 禁止广告初始化 去更新 去除友盟 去除其他校验.apk
23.58 MB
静读天下 Ver.9.4 去广告版.apk","??,软件监控",??：https://www.kdocs.cn/l/cmy3FUHCYgvW   ,,https://pan.quark.cn/s/459b13cbc269,,,,,WX:hecbof     qq群:344182238,2026/4/9,16729,??软件
03实用软件,,??：https://www.kdocs.cn/l/cmy3FUHCYgvW   ,,https://pan.quark.cn/s/77d03b153602,,,,,WX:hecbof     qq群:344182238,2026/4/9,16730,??软件
"04电脑软件
OFGB Ver.0.3 一键清理 Win 系统全部广告 享受超纯净2项
史上最牛 PR、AE、PS、LR、C4D 插件大合集
百度网盘 5月下载器网速100MB 无限制不限速2项
196款实用工具集 解决微软痛点 系统修复 电脑应用 良心工具包.rar443.96 MB
360清理Pro 独立提取版 v1.0.0.1081.zip10.55 MB
EdrawMax图形图表设计 万兴亿图 思维导图 Ver.14.0.0.1184 高级版.7z305.61 MB
Photoshop CS6 64位 免激活 精简版.zip210.43 MB
Wallpaper.Engine壁纸 Ver.2.4.55 上千动态壁纸.zip808.11 MB
WPS2019专业增强版 -v11.8.2.12195-永久授权版.zip310.98 MB
WPS 2023 Ver.12.8.2.17149 免激活专业增强版.zip316.50 MB
WPS 2023 Ver.12.8.2.18205 免激活专业增强版.zip316.93 MB
WPS 2023 绿化精简版 内置VBa.rar212.78 MB
XMind 2024 思维导图制作 Ver.24.04.05171 x64 一键安装永久激活版.zip164.03 MB
【电脑版】黑神话 悟空（35项修改器）.rar1.59 MB
万兴亿图图示EdrawMax_Pro Ver.13.5.0.11610高级版.zip340.77 MB
傲梅分区助手 Ver.10.4.1 高级版.zip231.84 MB
录屏软件 ZD Soft Screen Recorder v11.7.3 多语便携版.zip11.94 MB
微信聊天记录导出- MemoTrace 留痕 2.0.6.rar144.88 MB
班迪录屏 Ver.6.2.32078 会员版.zip36.85 MB
电脑虚拟机 永久免费 支持多个虚拟机系统.zip227.27 MB
百度网盘 进程包不限速下载20+每秒.zip166.87 MB
福PDF Ver.25138 直装专业版.zip448.29 MB
雷电模拟器9(64) v9.0.68.3 去广告绿色版.zip485.91 MB
鲁大师精简版（单机文件版）Ver.6.1024.4050.809.zip","??,04电脑软件",??：https://www.kdocs.cn/l/cmy3FUHCYgvW   ,,https://pan.quark.cn/s/39d09586286f,,,,,WX:hecbof     qq群:344182238,2026/4/9,16731,??软件
"05Play商店·国际版软件
100项
AI Anywhere（虚拟助理聊天机器人）Ver.0.1.4 高级版.apk
54.84 MB
AI Morph Ver.1.10.4 高级版(1).apk
14.43 MB
AI Note（AI 转录笔记助手 - AI 驱动的笔记，提升学习水平）Ver.1.1.5 高级版.apk
30.73 MB
All Documents Reader（多合一Office文档阅读器）Ver.2.7.32 高级版.apk
82.56 MB
AmpereFlow（通过速度计、健康检查和常亮显示进行精确的电池监控）Ver.1.4.1 高级版.apk
5.58 MB
AmpereFlow（通过速度计、健康检查和常亮显示进行精确的电池监控）Ver.1.4.2 高级版.apk
5.61 MB
AndroPods Ver.1.5.26 专业版.apk
10.72 MB
AppDash（使用漂亮而现代的 UI 轻松清理和组织您的应用程序）Ver.1.99 高级版.apk
7.88 MB
AppDash（标记和整理应用）Ver.1.90 高级版.apk
5.41 MB
Ask AI（聊天机器人和智能助手，现在由 DeepSeek API 提供支持）Ver.3.1.0 高级版.apk
75.31 MB
Auto Text（自动化 WhatsApp 和短信，支持定时、自动回复和批量发送）Ver.5.6.8 高级版.apk
19.28 MB
AVG Cleaner（清理工具）Ver.25.08.0 高级版.apk
33.86 MB
Beat.ly（AI艺术视频模板，Al复合视频制作器，带音乐的照片视频编辑器）Ver.2.47.10967 高级版.apk
118.84 MB
Chatbot AI（AI 聊天机器人：通过搜索、网页浏览、生成器等寻求深度指导）Ver.2.7.0 高级版.apk
51.76 MB
ChatBot Ver.1.4.5 高级版.apk
9.91 MB
ChatBox AI（基于Gemini与Claude的中文版人工智能聊天机器人与写作助手，强大的AI聊天于你触手可及）Ver.1.52.9 高级版.apk
31.64 MB
ChatOn Ver.1.49.432-480 高级版.apk
39.81 MB
Chat Smith Ver.3.9.13 高级版.apk
76.06 MB
Chat Smith（一體化AI聊天機器人Chat Smith：圖像生成器、數學解決方案、寫作助手）Ver.3.9.23 高级版.apk
50.98 MB
CreArt（Ai图片生成）Ver.2.5.2 高级版.apk
21.33 MB
Creative 桌面 Ver.8.6 高级版.apk
27.45 MB
DeepAsk（您的人工智能助手，由先进的人工智能技术提供支持，提供智能见解）Ver.20250508 高级版.apk
52.17 MB
Disciplined（每日习惯跟踪器：管理目标、建立例程、保持纪律）Ver.1.0.15 高级版.apk
30.56 MB
Document Viewer（文档阅读器）Ver.2.1.11 高级版.apk
46.74 MB
Elevate（一款大脑训练工具，旨在提高玩家的记忆力、注意力等能力）Ver.5.186.0 高级版.apk
73.08 MB
Elevate（一款大脑训练工具，旨在提高玩家的记忆力、注意力等能力）Ver.5.188.0 高级版.apk
98.00 MB
eRecorder - Screen Recorder（录屏应用）Ver.2.9.92 高级版.apk
39.02 MB
EWA（外语学习）Ver.10.37.3 高级版.apk
108.76 MB
Filmora（万兴喵影）Ver.14.2.20 会员版.apk
98.92 MB
Flux AI Ver.1.1.0 高级版.apk
46.45 MB
Flux AI（创建逼真的照片、自拍、即时照片）Ver.1.0.7 高级版.apk
49.42 MB
Folderly（终极学术伴侣应用程序）Ver.2.0.1 高级版.apk
22.51 MB
Genie Ai Ver.7.8.1 高级版.apk
61.92 MB
Genius Scan（PDF扫描仪）Ver.7.27.0 高级版.apk
21.98 MB
GoFasting（间歇性断食）Ver.1.02.98.1018 高级版.apk
72.25 MB
Go Translate（屏幕翻译）Ver.v_1.6.190124 高级版.apk
24.13 MB
GPS 连接器 Ver.1.2.3.0 汉化版.apk
10.04 MB
Hearing Clear（独特的助听器应用程序）Ver.2.7.7 高级版.apk
29.31 MB
HiEdu Calc Pro（计算器）Ver.1.6.6 高级版.apk
8.09 MB
HiPER Calc Pro（优秀的科学计算器与符号代数，积分，衍生物）Ver.11.1.1 高级版.apk
6.51 MB
InShot-视频编辑 Ver.2.070.1461 会员版.apk
65.14 MB
iTubeGo（视频下载器）Ver.2.4.1 高级版.apk
7.77 MB
Learna AI（与 AI 导师一起说、学习和练习英语。发音语法培训）Ver.1.2.2 高级版.apk
44.70 MB
Magic AI（使用 Dalle-Magic 将创意转化为艺术：您的终极 AI 照片编辑器）Ver.1.0.20 高级版.apk
29.29 MB
Medativo（简单冥想计时器）Ver.1.3.7 高级版.apk
20.09 MB
Mindz（思维导图）Ver.1.4.13 高级版.apk
7.15 MB
MiX 桌面 Ver.5.4 高级版.apk
23.75 MB
MobiPDF（PDF编辑器和扫描仪）Ver.11.1.266646 高级版.apk
75.13 MB
Multi App（多开应用）Ver.1.5.1 高级版.apk
7.66 MB
Nebo（学生笔记）Ver.6.4.6 高级版.apk
75.82 MB
OneShade （自定义通知和快速设置！自定义您的手机并享受使用它）Ver.18.5.11 高级版.apk
13.32 MB
PicCollage拼贴趣 Ver.7.3.10 会员版.apk
37.67 MB
PickU（照片编辑器和照片剪切。带有趋势拼贴和过滤器的背景编辑器）Ver.3.9.28 高级版.apk
38.25 MB
Pigments（颜料为您的口袋带来美丽的调色板）Ver.3.58 高级版.apk
4.47 MB
Power Shade（个性化的自定义通知）Ver.18.5.11 高级版.apk
12.96 MB
Programming Hub（免费学习HTML、Python、Javascript、C、C++、C#、Java以及更多编程语言）Ver.5.2.33 高级版.apk
26.53 MB
Qibla Finder（有用的 Qibla Finder 应用程序和 Tasbeeh 计数器功能）Ver.1.5.8.1 高级版.apk
18.49 MB
qlango（学习45种语言）Ver.2.4.5 高级版.apk
20.79 MB
QuickEdit（文本编辑器）Ver.1.11.7 高级版.apk
8.49 MB
Quick桌面 Ver.11.7 高级版.zip
27.50 MB
Reflectly（对于每天所发生的事的感受，个人日志和日记应用，处理好消极的想法、提高积极性并了解幸福的奥秘）Ver.4.12.0 高级版.apk
27.90 MB
Remini（创建 AI 照片，提高和恢复模糊、旧或损坏照片的质量）Ver.3.7.956.202511194 高级版.apk
94.58 MB
SD Maid SE（垃圾清理）Ver.1.2.4-rc0 高级版.apk
5.06 MB
SHARE Ver.1.5.5 高级版.apk
13.82 MB
Simple Scanner（全能的PDF文档扫描App）Ver.4.9.7 高级版.apk
76.35 MB
SnapClip（使用 AI 视频制作器瞬间将照片制作成动画视频 - 无需任何技能）Ver.1.0.0-25012650 高级版.apk
69.03 MB
Soul浏览器 Ver.1.4.64 高级版.apk
16.42 MB
SoundHound ∞（音乐搜索识别和播放器）Ver.10.4.8 高级版.apk
50.77 MB
Summarify（使用人工智能工具轻松总结多种语言的任何视频）Ver.1.3.2 高级版.apk
17.99 MB
Supershift（排班表、排期助手）Ver.2024.7 高级版.apk
26.40 MB
Themepack（壁纸和小部件）Ver.1.0.0.2034 高级版.apk
48.24 MB
Themify（百变图标，主题，丽壁纸，颜色小部件）Ver.1.26.10 汉化高级版.apk
24.48 MB
Timemark（时间戳相机，GPS地图相机，marki，相机地图，GPS相机，时间戳）Ver.4.0.0.0 高级版.apk
72.56 MB
Torrent Search Revolution V2（搜索和下载来自多个来源的BT种子磁力链接）Ver.2.2.3 高级版(1).apk
75.23 MB
TuneIn Radio Pro（在TuneIn上收听您最爱的AM·FM电台、网路电台、播客、节目以及很多免费的内容）Ver.37.9 高级版.apk
56.92 MB
U-Dictionary（翻译有道词典国际版）Ver.6.6.8 会员版.apk
49.21 MB
Vidmix（AI图像生成器）Ver.2.35.487 会员版.zip
110.47 MB
Virbo（万兴播爆·Ai虚拟人视频生成器）Ver.1.9.23 高级版.apk
66.77 MB
WebCode（用于html，css和javascript的web ide）Ver.6.1.0 高级版.apk
19.98 MB
Wizard AI（AI 图像生成器）Ver.1.0.9 高级版.apk
44.59 MB
XCast - 投屏大师 Ver.2.4.3 高级版.apk
15.93 MB
X（Twitter）Ver.10.55.1 高级版.apk
112.06 MB
zTranslate（翻译视频字幕）Ver.1.87 高级版.apk
52.91 MB
 Dynamic View（直接在 Android 上体验 Dynamic View AZ 多任务处理功能）Ver.2.0.2 高级版.apk
18.59 MB
【需科学】Genesia AI（与虚拟女友聊天）Ver.3.0.2 高级版.apk
66.22 MB
健身運動 Ver.3.12 高级版.apk
43.02 MB
国际象棋 Ver.2.2.18 高级版.apk
25.01 MB
多邻国（语言学习）Ver.6.30.4 高级版.apk
74.21 MB
字典 Ver.29.1.0 高级版.apk
26.98 MB
定格日记 Ver.1.1.3.1 高级版.apk
12.95 MB
微笔记 Ver.6.09 高级版.zip
15.46 MB
日历 Ver.1.0.7 高级版.apk
12.99 MB
有声翻译机 Ver.2.7.4 高级版.apk
48.93 MB
流舟文件 Ver.1.7.14.1 高级版.apk
39.13 MB
电费开支 Ver.6.0.6 高级版.apk
7.99 MB
视频下载器 Ver.2.3.1 高级版.apk
16.52 MB
视频压缩 Ver.1.2.70 高级版.apk
12.80 MB
超级录屏 Ver.5.1.0.3 会员版.apk
31.55 MB
静音相机 Ver.8.15.0 高级版.apk
9.70 MB
骰子卷 SNS Ver.72.0 高级版.apk","??, 05Play商店·国际版软件 ",??：https://www.kdocs.cn/l/cmy3FUHCYgvW   ,,https://pan.quark.cn/s/9644b3362971,,,,,WX:hecbof     qq群:344182238,2026/4/9,16732,??软件
????软件合集迅雷20260327,"??,03实用软件",??：https://www.kdocs.cn/l/cmy3FUHCYgvW   ,,,https://pan.xunlei.com/s/VOogX1Qf0F8TMOGYOKlpwQu6A1?pwd=nq2k#,,,,WX:hecbof     qq群:344182238,2026/4/9,16733,??软件
作者合集目录1747+,,??：https://www.kdocs.cn/l/cmy3FUHCYgvW   ,https://pan.baidu.com/s/1zfYdZnsqc98hsvmSxnTzyQ?pwd=sili#list/path=%2F,https://pan.quark.cn/s/16f1e88a0af2,https://pan.xunlei.com/s/VOnbrT5zgS21hO1dpQd1ht1pA1?pwd=fagz#,https://yun.139.com/shareweb/#/w/i/2tQE9wuop6R98,,https://drive.uc.cn/s/cc42b919768f4?public=1,WX:hecbof     qq群:344182238,2026/4/9,16734,??小说
百度网盘 5月下载器网速100MB 无限制不限速,软件,??：https://www.kdocs.cn/l/cmy3FUHCYgvW   ,,https://pan.quark.cn/s/067ea04ddbe2,,,,,WX:hecbof     qq群:344182238,2026/4/9,13402,??软件
91毒舌电影,软件,??：https://www.kdocs.cn/l/cmy3FUHCYgvW   ,,https://pan.quark.cn/s/067ea04ddbe2,,,,,WX:hecbof     qq群:344182238,2026/4/9,13403,??软件
爱电影（原：爱影视）,软件,??：https://www.kdocs.cn/l/cmy3FUHCYgvW   ,,https://pan.quark.cn/s/067ea04ddbe2,,,,,WX:hecbof     qq群:344182238,2026/4/9,13404,??软件
电影天堂,软件,??：https://www.kdocs.cn/l/cmy3FUHCYgvW   ,,https://pan.quark.cn/s/067ea04ddbe2,,,,,WX:hecbof     qq群:344182238,2026/4/9,13405,??软件
毒舌电影,软件,??：https://www.kdocs.cn/l/cmy3FUHCYgvW   ,,https://pan.quark.cn/s/067ea04ddbe2,,,,,WX:hecbof     qq群:344182238,2026/4/9,13406,??软件
瓜子影视,软件,??：https://www.kdocs.cn/l/cmy3FUHCYgvW   ,,https://pan.quark.cn/s/067ea04ddbe2,,,,,WX:hecbof     qq群:344182238,2026/4/9,13407,??软件
花小猪影视,软件,??：https://www.kdocs.cn/l/cmy3FUHCYgvW   ,,https://pan.quark.cn/s/067ea04ddbe2,,,,,WX:hecbof     qq群:344182238,2026/4/9,13408,??软件
华数TV,软件,??：https://www.kdocs.cn/l/cmy3FUHCYgvW   ,,https://pan.quark.cn/s/067ea04ddbe2,,,,,WX:hecbof     qq群:344182238,2026/4/9,13409,??软件
壳儿影视,软件,??：https://www.kdocs.cn/l/cmy3FUHCYgvW   ,,https://pan.quark.cn/s/067ea04ddbe2,,,,,WX:hecbof     qq群:344182238,2026/4/9,13410,??软件
零度影视,软件,??：https://www.kdocs.cn/l/cmy3FUHCYgvW   ,,https://pan.quark.cn/s/067ea04ddbe2,,,,,WX:hecbof     qq群:344182238,2026/4/9,13411,??软件
随心影视,软件,??：https://www.kdocs.cn/l/cmy3FUHCYgvW   ,,https://pan.quark.cn/s/067ea04ddbe2,,,,,WX:hecbof     qq群:344182238,2026/4/9,13412,??软件
小黄人影视,软件,??：https://www.kdocs.cn/l/cmy3FUHCYgvW   ,,https://pan.quark.cn/s/067ea04ddbe2,,,,,WX:hecbof     qq群:344182238,2026/4/9,13413,??软件
星影视频,软件,??：https://www.kdocs.cn/l/cmy3FUHCYgvW   ,,https://pan.quark.cn/s/067ea04ddbe2,,,,,WX:hecbof     qq群:344182238,2026/4/9,13414,??软件
壹影视,软件,??：https://www.kdocs.cn/l/cmy3FUHCYgvW   ,,https://pan.quark.cn/s/067ea04ddbe2,,,,,WX:hecbof     qq群:344182238,2026/4/9,13415,??软件
影视仓,软件,??：https://www.kdocs.cn/l/cmy3FUHCYgvW   ,,https://pan.quark.cn/s/067ea04ddbe2,,,,,WX:hecbof     qq群:344182238,2026/4/9,13416,??软件
YIYI影视,软件,??：https://www.kdocs.cn/l/cmy3FUHCYgvW   ,,https://pan.quark.cn/s/067ea04ddbe2,,,,,WX:hecbof     qq群:344182238,2026/4/9,13417,??软件
追忆影视,软件,??：https://www.kdocs.cn/l/cmy3FUHCYgvW   ,,https://pan.quark.cn/s/067ea04ddbe2,,,,,WX:hecbof     qq群:344182238,2026/4/9,13418,??软件
电影驿站 Ver.1.1.8 本地会员版 去更新 去公告.apk,软件,??：https://www.kdocs.cn/l/cmy3FUHCYgvW   ,,https://pan.quark.cn/s/067ea04ddbe2,,,,,WX:hecbof     qq群:344182238,2026/4/9,13419,??软件
华数TV Ver.9.0.1.99 会员版.apk,软件,??：https://www.kdocs.cn/l/cmy3FUHCYgvW   ,,https://pan.quark.cn/s/067ea04ddbe2,,,,,WX:hecbof     qq群:344182238,2026/4/9,13420,??软件
即看影视 Ver.1.0.98 去广告 去更新.apk,软件,??：https://www.kdocs.cn/l/cmy3FUHCYgvW   ,,https://pan.quark.cn/s/067ea04ddbe2,,,,,WX:hecbof     qq群:344182238,2026/4/9,13421,??软件
荐片 Ver.4.6.0 去广告 去更新.apk,软件,??：https://www.kdocs.cn/l/cmy3FUHCYgvW   ,,https://pan.quark.cn/s/067ea04ddbe2,,,,,WX:hecbof     qq群:344182238,2026/4/9,13422,??软件
剧永久影视（剧下饭）Ver.1.96 免广告 禁止广告初始化 去更新 去公告.apk,软件,??：https://www.kdocs.cn/l/cmy3FUHCYgvW   ,,https://pan.quark.cn/s/067ea04ddbe2,,,,,WX:hecbof     qq群:344182238,2026/4/9,13423,??软件
梨园行戏曲 Ver.4.6.0 会员版 去更新.apk,软件,??：https://www.kdocs.cn/l/cmy3FUHCYgvW   ,,https://pan.quark.cn/s/067ea04ddbe2,,,,,WX:hecbof     qq群:344182238,2026/4/9,13424,??软件
喵物次元 Ver.6.0.0 去广告 去更新.apk,软件,??：https://www.kdocs.cn/l/cmy3FUHCYgvW   ,,https://pan.quark.cn/s/067ea04ddbe2,,,,,WX:hecbof     qq群:344182238,2026/4/9,13425,??软件
free影视 Ver.3.5.1 禁止广告初始化 去更新 去除获取隐私权限 去除友盟 其他布局调整.apk,软件,??：https://www.kdocs.cn/l/cmy3FUHCYgvW   ,,https://pan.quark.cn/s/067ea04ddbe2,,,,,WX:hecbof     qq群:344182238,2026/4/9,13426,??软件
【TV电视端】喵影视TV Ver.3.8.0 纯净版.apk,软件,??：https://www.kdocs.cn/l/cmy3FUHCYgvW   ,,https://pan.quark.cn/s/067ea04ddbe2,,,,,WX:hecbof     qq群:344182238,2026/4/9,13427,??软件
水滴视频 Ver.1.0.3 免广告 会员版 去更新 去除公告 禁止广告初始化.apk,软件,??：https://www.kdocs.cn/l/cmy3FUHCYgvW   ,,https://pan.quark.cn/s/067ea04ddbe2,,,,,WX:hecbof     qq群:344182238,2026/4/9,13428,??软件
新大师兄影视 Ver.3.4.0 禁止广告初始化.apk,软件,??：https://www.kdocs.cn/l/cmy3FUHCYgvW   ,,https://pan.quark.cn/s/067ea04ddbe2,,,,,WX:hecbof     qq群:344182238,2026/4/9,13429,??软件
影视大全 Ver.6.2.4 免广告版 去更新 禁止广告初始化.apk,软件,??：https://www.kdocs.cn/l/cmy3FUHCYgvW   ,,https://pan.quark.cn/s/067ea04ddbe2,,,,,WX:hecbof     qq群:344182238,2026/4/9,13430,??软件
影视猫 Plus（原：布蕾4K）Ver.4.8.0 禁止广告初始化 去除更新 去除友盟 其他布局调整.apk,软件,??：https://www.kdocs.cn/l/cmy3FUHCYgvW   ,,https://pan.quark.cn/s/067ea04ddbe2,,,,,WX:hecbof     qq群:344182238,2026/4/9,13431,??软件
百度网盘批量转存工具,软件,??：https://www.kdocs.cn/l/cmy3FUHCYgvW   ,,https://pan.quark.cn/s/487a00e9298e,,,,,WX:hecbof     qq群:344182238,2026/4/9,13432,??软件
Clash for Android_2.5.12.premium.apk,软件,??：https://www.kdocs.cn/l/cmy3FUHCYgvW   ,https://pan.baidu.com/s/163MXAQ-bXV5avpZC6InOWQ?pwd=9gw3,,,,,,WX:hecbof     qq群:344182238,2026/4/9,13433,??软件
Clash Meta for Android_2.11.17.Meta.apk,软件,??：https://www.kdocs.cn/l/cmy3FUHCYgvW   ,https://pan.baidu.com/s/163MXAQ-bXV5avpZC6InOWQ?pwd=9gw3,,,,,,WX:hecbof     qq群:344182238,2026/4/9,13434,??软件
FlClash-0.8.90-android-arm64-v8a.apk,软件,??：https://www.kdocs.cn/l/cmy3FUHCYgvW   ,https://pan.baidu.com/s/163MXAQ-bXV5avpZC6InOWQ?pwd=9gw3,,,,,,WX:hecbof     qq群:344182238,2026/4/9,13435,??软件
v2rayNG_1.8.5,软件,??：https://www.kdocs.cn/l/cmy3FUHCYgvW   ,https://pan.baidu.com/s/163MXAQ-bXV5avpZC6InOWQ?pwd=9gw3,,,,,,WX:hecbof     qq群:344182238,2026/4/9,13436,??软件
4K草莓熊,软件,??：https://www.kdocs.cn/l/cmy3FUHCYgvW   ,,https://pan.quark.cn/s/067ea04ddbe2,,,,,WX:hecbof     qq群:344182238,2026/4/9,13437,??软件
4K剧下饭,软件,??：https://www.kdocs.cn/l/cmy3FUHCYgvW   ,,https://pan.quark.cn/s/067ea04ddbe2,,,,,WX:hecbof     qq群:344182238,2026/4/9,13438,??软件
爱看剧场,软件,??：https://www.kdocs.cn/l/cmy3FUHCYgvW   ,,https://pan.quark.cn/s/067ea04ddbe2,,,,,WX:hecbof     qq群:344182238,2026/4/9,13439,??软件
爱奇艺,软件,??：https://www.kdocs.cn/l/cmy3FUHCYgvW   ,,https://pan.quark.cn/s/067ea04ddbe2,,,,,WX:hecbof     qq群:344182238,2026/4/9,13440,??软件
爱壹帆,软件,??：https://www.kdocs.cn/l/cmy3FUHCYgvW   ,,https://pan.quark.cn/s/067ea04ddbe2,,,,,WX:hecbof     qq群:344182238,2026/4/9,13441,??软件
哔哩哔哩（bilibili）,软件,??：https://www.kdocs.cn/l/cmy3FUHCYgvW   ,,https://pan.quark.cn/s/067ea04ddbe2,,,,,WX:hecbof     qq群:344182238,2026/4/9,13442,??软件
仓鼠4K,软件,??：https://www.kdocs.cn/l/cmy3FUHCYgvW   ,,https://pan.quark.cn/s/067ea04ddbe2,,,,,WX:hecbof     qq群:344182238,2026/4/9,13443,??软件
次元城动画,软件,??：https://www.kdocs.cn/l/cmy3FUHCYgvW   ,,https://pan.quark.cn/s/067ea04ddbe2,,,,,WX:hecbof     qq群:344182238,2026/4/9,13444,??软件
大鱼视频（紫树视频）,软件,??：https://www.kdocs.cn/l/cmy3FUHCYgvW   ,,https://pan.quark.cn/s/067ea04ddbe2,,,,,WX:hecbof     qq群:344182238,2026/4/9,13445,??软件
动漫共和国,软件,??：https://www.kdocs.cn/l/cmy3FUHCYgvW   ,,https://pan.quark.cn/s/067ea04ddbe2,,,,,WX:hecbof     qq群:344182238,2026/4/9,13446,??软件
豆丁视频,软件,??：https://www.kdocs.cn/l/cmy3FUHCYgvW   ,,https://pan.quark.cn/s/067ea04ddbe2,,,,,WX:hecbof     qq群:344182238,2026/4/9,13447,??软件
番喜视频,软件,??：https://www.kdocs.cn/l/cmy3FUHCYgvW   ,,https://pan.quark.cn/s/067ea04ddbe2,,,,,WX:hecbof     qq群:344182238,2026/4/9,13448,??软件
咕噜咕噜,软件,??：https://www.kdocs.cn/l/cmy3FUHCYgvW   ,,https://pan.quark.cn/s/5c9f42803e6b,,,,,WX:hecbof     qq群:344182238,2026/4/9,13449,??软件
顾我追剧,软件,??：https://www.kdocs.cn/l/cmy3FUHCYgvW   ,,https://pan.quark.cn/s/9cc619fb06a0,,,,,WX:hecbof     qq群:344182238,2026/4/9,13450,??软件
火车太顺,软件,??：https://www.kdocs.cn/l/cmy3FUHCYgvW   ,,https://pan.quark.cn/s/ae9033c2d7f7,,,,,WX:hecbof     qq群:344182238,2026/4/9,13451,??软件
极光影院,软件,??：https://www.kdocs.cn/l/cmy3FUHCYgvW   ,,https://pan.quark.cn/s/004101f2ff7e,,,,,WX:hecbof     qq群:344182238,2026/4/9,13452,??软件
金牌影院,软件,??：https://www.kdocs.cn/l/cmy3FUHCYgvW   ,,https://pan.quark.cn/s/8a142ca6a3dc,,,,,WX:hecbof     qq群:344182238,2026/4/9,13453,??软件
囧次元,软件,??：https://www.kdocs.cn/l/cmy3FUHCYgvW   ,,https://pan.quark.cn/s/57585b2a3ca1,,,,,WX:hecbof     qq群:344182238,2026/4/9,13454,??软件
橘汁,软件,??：https://www.kdocs.cn/l/cmy3FUHCYgvW   ,,https://pan.quark.cn/s/48574bd1dde0,,,,,WX:hecbof     qq群:344182238,2026/4/9,13455,??软件
橘子视频,软件,??：https://www.kdocs.cn/l/cmy3FUHCYgvW   ,,https://pan.quark.cn/s/c7c225a7bf5e,,,,,WX:hecbof     qq群:344182238,2026/4/9,13456,??软件
Girigiri（爱动漫）,软件,??：https://www.kdocs.cn/l/cmy3FUHCYgvW   ,,https://pan.quark.cn/s/590777fe9001,,,,,WX:hecbof     qq群:344182238,2026/4/9,13457,??软件
heibai弹幕,软件,??：https://www.kdocs.cn/l/cmy3FUHCYgvW   ,,https://pan.quark.cn/s/cdae985dae9e,,,,,WX:hecbof     qq群:344182238,2026/4/9,13458,??软件
KW,软件,??：https://www.kdocs.cn/l/cmy3FUHCYgvW   ,,https://pan.quark.cn/s/79e67f680439,,,,,WX:hecbof     qq群:344182238,2026/4/9,13459,??软件
卡音,软件,??：https://www.kdocs.cn/l/cmy3FUHCYgvW   ,,,,,,,WX:hecbof     qq群:344182238,2026/4/9,13460,??软件
快映视频,软件,??：https://www.kdocs.cn/l/cmy3FUHCYgvW   ,,,,,,,WX:hecbof     qq群:344182238,2026/4/9,13461,??软件
蓝鹰,软件,??：https://www.kdocs.cn/l/cmy3FUHCYgvW   ,,,,,,,WX:hecbof     qq群:344182238,2026/4/9,13462,??软件
聆听音乐,软件,??：https://www.kdocs.cn/l/cmy3FUHCYgvW   ,,,,,,,WX:hecbof     qq群:344182238,2026/4/9,13463,??软件
麻花视频,软件,??：https://www.kdocs.cn/l/cmy3FUHCYgvW   ,,,,,,,WX:hecbof     qq群:344182238,2026/4/9,13464,??软件
魔方4K,软件,??：https://www.kdocs.cn/l/cmy3FUHCYgvW   ,,,,,,,WX:hecbof     qq群:344182238,2026/4/9,13465,??软件
哪吒视频,软件,??：https://www.kdocs.cn/l/cmy3FUHCYgvW   ,,,,,,,WX:hecbof     qq群:344182238,2026/4/9,13466,??软件
牛牛视频,软件,??：https://www.kdocs.cn/l/cmy3FUHCYgvW   ,,,,,,,WX:hecbof     qq群:344182238,2026/4/9,13467,??软件
全民电视直播,软件,??：https://www.kdocs.cn/l/cmy3FUHCYgvW   ,,,,,,,WX:hecbof     qq群:344182238,2026/4/9,13468,??软件
若惜追剧,软件,??：https://www.kdocs.cn/l/cmy3FUHCYgvW   ,,,,,,,WX:hecbof     qq群:344182238,2026/4/9,13469,??软件
鲨鱼剧场,软件,??：https://www.kdocs.cn/l/cmy3FUHCYgvW   ,,https://pan.quark.cn/s/b7cb06c29f5f,,,,,WX:hecbof     qq群:344182238,2026/4/9,13470,??软件
闪映剧场,软件,??：https://www.kdocs.cn/l/cmy3FUHCYgvW   ,,https://pan.quark.cn/s/f3e771edbe7e,,,,,WX:hecbof     qq群:344182238,2026/4/9,13471,??软件
速搜视频,软件,??：https://www.kdocs.cn/l/cmy3FUHCYgvW   ,,https://pan.quark.cn/s/75130172e8b6,,,,,WX:hecbof     qq群:344182238,2026/4/9,13472,??软件
特狗APP,软件,??：https://www.kdocs.cn/l/cmy3FUHCYgvW   ,,https://pan.quark.cn/s/6a96e8cde6a2,,,,,WX:hecbof     qq群:344182238,2026/4/9,13473,??软件
腾讯视频,软件,??：https://www.kdocs.cn/l/cmy3FUHCYgvW   ,,https://pan.quark.cn/s/c863f31f8fad,,,,,WX:hecbof     qq群:344182238,2026/4/9,13474,??软件
稀饭动漫,软件,??：https://www.kdocs.cn/l/cmy3FUHCYgvW   ,,https://pan.quark.cn/s/51e55179cd72,,,,,WX:hecbof     qq群:344182238,2026/4/9,13475,??软件
享趣视频,软件,??：https://www.kdocs.cn/l/cmy3FUHCYgvW   ,,https://pan.quark.cn/s/cb1034d9b7c3,,,,,WX:hecbof     qq群:344182238,2026/4/9,13476,??软件
小柿子,软件,??：https://www.kdocs.cn/l/cmy3FUHCYgvW   ,,https://pan.quark.cn/s/24a15ca8ce06,,,,,WX:hecbof     qq群:344182238,2026/4/9,13477,??软件
小柚子,软件,??：https://www.kdocs.cn/l/cmy3FUHCYgvW   ,,https://pan.quark.cn/s/96de029e8719,,,,,WX:hecbof     qq群:344182238,2026/4/9,13478,??软件
一起刷,软件,??：https://www.kdocs.cn/l/cmy3FUHCYgvW   ,,https://pan.quark.cn/s/756f9ac1bca4,,,,,WX:hecbof     qq群:344182238,2026/4/9,13479,??软件
云云视频,软件,??：https://www.kdocs.cn/l/cmy3FUHCYgvW   ,,https://pan.quark.cn/s/178e9c73a862,,,,,WX:hecbof     qq群:344182238,2026/4/9,13480,??软件
追番达人,软件,??：https://www.kdocs.cn/l/cmy3FUHCYgvW   ,,https://pan.quark.cn/s/9db7497d507c,,,,,WX:hecbof     qq群:344182238,2026/4/9,13481,??软件
追剧达人,软件,??：https://www.kdocs.cn/l/cmy3FUHCYgvW   ,,https://pan.quark.cn/s/31606da93084,,,,,WX:hecbof     qq群:344182238,2026/4/9,13482,??软件
追影匣,软件,??：https://www.kdocs.cn/l/cmy3FUHCYgvW   ,,https://pan.quark.cn/s/34d514b28313,,,,,WX:hecbof     qq群:344182238,2026/4/9,13483,??软件
资源猫,软件,??：https://www.kdocs.cn/l/cmy3FUHCYgvW   ,,https://pan.quark.cn/s/de76da4cc800,,,,,WX:hecbof     qq群:344182238,2026/4/9,13484,??软件
岸听音乐 Ver.2.7-beta 禁止广告初始化 去更新.apk,软件,??：https://www.kdocs.cn/l/cmy3FUHCYgvW   ,,https://pan.quark.cn/s/4755eb22f7be,,,,,WX:hecbof     qq群:344182238,2026/4/9,13485,??软件
哔哩哔哩（国际版）内置模块助手 简洁流畅无广 Ver.3.19.2.zip,软件,??：https://www.kdocs.cn/l/cmy3FUHCYgvW   ,,https://pan.quark.cn/s/18f83e07d4fd,,,,,WX:hecbof     qq群:344182238,2026/4/9,13486,??软件
边缘视频 Ver.1.0.16 会员版 去更新 自动同意隐私政策 去除隐私权限 去除推广Tab.apk,软件,??：https://www.kdocs.cn/l/cmy3FUHCYgvW   ,,https://pan.quark.cn/s/d150315b7ee7,,,,,WX:hecbof     qq群:344182238,2026/4/9,13487,??软件
打驴动漫 Ver.1.0.4.1 免广告领会员 去除广告 去除更新 去除公告 去除获取剪切板数据.apk,软件,??：https://www.kdocs.cn/l/cmy3FUHCYgvW   ,,https://pan.quark.cn/s/7aa7828867e5,,,,,WX:hecbof     qq群:344182238,2026/4/9,13488,??软件
大鱼视频 Ver.20.23 纯净版.apk,软件,??：https://www.kdocs.cn/l/cmy3FUHCYgvW   ,,https://pan.quark.cn/s/990359f2469b,,,,,WX:hecbof     qq群:344182238,2026/4/9,13489,??软件
儿歌点点 Ver.4.5.8 会员版 去广告.apk,软件,??：https://www.kdocs.cn/l/cmy3FUHCYgvW   ,,https://pan.quark.cn/s/f88be5c1f813,,,,,WX:hecbof     qq群:344182238,2026/4/9,13490,??软件
花子动漫 Ver.1.0.1 去广告 去更新.apk,软件,??：https://www.kdocs.cn/l/cmy3FUHCYgvW   ,,https://pan.quark.cn/s/8c571c1576d7,,,,,WX:hecbof     qq群:344182238,2026/4/9,13491,??软件
鲸看Pro Ver.2.3.2 禁止广告初始化 去更新.apk,软件,??：https://www.kdocs.cn/l/cmy3FUHCYgvW   ,,https://pan.quark.cn/s/c619a4eefa67,,,,,WX:hecbof     qq群:344182238,2026/4/9,13492,??软件
剧多多 Ver.1.0.0 禁止广告初始化.apk,软件,??：https://www.kdocs.cn/l/cmy3FUHCYgvW   ,,https://pan.quark.cn/s/af78cb31d587,,,,,WX:hecbof     qq群:344182238,2026/4/9,13493,??软件
酷狗概念版 Ver.2.5.5 最后一个支持听歌自动领取会员.apk,软件,??：https://www.kdocs.cn/l/cmy3FUHCYgvW   ,,https://pan.quark.cn/s/82429c2258a0,,,,,WX:hecbof     qq群:344182238,2026/4/9,13494,??软件
梨园行戏曲HD Ver.1.0.2 会员版 去更新.apk,软件,??：https://www.kdocs.cn/l/cmy3FUHCYgvW   ,,https://pan.quark.cn/s/7e79dc25e4a8,,,,,WX:hecbof     qq群:344182238,2026/4/9,13495,??软件
美剧侠 Ver.2.3.2 去广告 去更新.apk,软件,??：https://www.kdocs.cn/l/cmy3FUHCYgvW   ,,https://pan.quark.cn/s/8b48b0d795d0,,,,,WX:hecbof     qq群:344182238,2026/4/9,13496,??软件
萌宝绘本故事 Ver.7.1.0.2 会员版 去更新 去除友盟.apk,软件,??：https://www.kdocs.cn/l/cmy3FUHCYgvW   ,,https://pan.quark.cn/s/2c19dcce01ef,,,,,WX:hecbof     qq群:344182238,2026/4/9,13497,??软件
Audio-mack（音乐下载器）Ver.6.45.1 高级版 去广告.apk,软件,??：https://www.kdocs.cn/l/cmy3FUHCYgvW   ,,https://pan.quark.cn/s/78e404c67bf0,,,,,WX:hecbof     qq群:344182238,2026/4/9,13498,??软件
DJ音乐盒 Ver.8.2.7.apk,软件,??：https://www.kdocs.cn/l/cmy3FUHCYgvW   ,,https://pan.quark.cn/s/bf17ffe7e16c,,,,,WX:hecbof     qq群:344182238,2026/4/9,13499,??软件
DJ音乐盒车机 Ver.4.0.7.apk,软件,??：https://www.kdocs.cn/l/cmy3FUHCYgvW   ,,https://pan.quark.cn/s/a7ccb2af3d4f,,,,,WX:hecbof     qq群:344182238,2026/4/9,13500,??软件
IPTV電視直播 Ver.5.1.6 禁止广告初始化 去更新.apk,软件,??：https://www.kdocs.cn/l/cmy3FUHCYgvW   ,,https://pan.quark.cn/s/eaed88ac2c1c,,,,,WX:hecbof     qq群:344182238,2026/4/9,13501,??软件
MiFun Ver.5.1.7 本地会员版 去更新 去除公告.apk,软件,??：https://www.kdocs.cn/l/cmy3FUHCYgvW   ,,https://pan.quark.cn/s/4a50d84001dd,,,,,WX:hecbof     qq群:344182238,2026/4/9,13502,??软件
【电视版】橘汁TV Ver.3.0.1.9 免登录会员版 去更新.apk,软件,??：https://www.kdocs.cn/l/cmy3FUHCYgvW   ,,https://pan.quark.cn/s/df5002cfe387,,,,,WX:hecbof     qq群:344182238,2026/4/9,13503,??软件
【电视版】幕启星河TV Ver.1.0.0 免登录会员版.apk,软件,??：https://www.kdocs.cn/l/cmy3FUHCYgvW   ,,https://pan.quark.cn/s/905fbf33b5f2,,,,,WX:hecbof     qq群:344182238,2026/4/9,13504,??软件
魔音MORIN Ver.3.7.0 禁止广告初始化 去更新 去除激活弹窗 去除搜索及版权限制.apk,软件,??：https://www.kdocs.cn/l/cmy3FUHCYgvW   ,,https://pan.quark.cn/s/e8ebf407be61,,,,,WX:hecbof     qq群:344182238,2026/4/9,13505,??软件
尼卡音乐 Ver.1.1.0 去广告 去更新 去除强制跳转网页更新 其他布局调整.apk,软件,??：https://www.kdocs.cn/l/cmy3FUHCYgvW   ,,https://pan.quark.cn/s/cee4701e6f1a,,,,,WX:hecbof     qq群:344182238,2026/4/9,13506,??软件
七猫短剧 Ver.1.7 禁止广告初始化 去更新.apk,软件,??：https://www.kdocs.cn/l/cmy3FUHCYgvW   ,,https://pan.quark.cn/s/c05ae77b13f3,,,,,WX:hecbof     qq群:344182238,2026/4/9,13507,??软件
轻音社 Ver.1.9.0.0.apk,软件,??：https://www.kdocs.cn/l/cmy3FUHCYgvW   ,,https://pan.quark.cn/s/e2b0132e135d,,,,,WX:hecbof     qq群:344182238,2026/4/9,13508,??软件
全乐听 Ver.1.2.9 全网音乐免费听.apk,软件,??：https://www.kdocs.cn/l/cmy3FUHCYgvW   ,,https://pan.quark.cn/s/99f6b1f2ab7b,,,,,WX:hecbof     qq群:344182238,2026/4/9,13509,??软件
三号动漫 Ver.1.4.0 会员版 去更新 去除公告 去广告 去除友盟 自动意隐政策 其他布局调整.apk,软件,??：https://www.kdocs.cn/l/cmy3FUHCYgvW   ,,https://pan.quark.cn/s/15ad9f19ea0b,,,,,WX:hecbof     qq群:344182238,2026/4/9,13510,??软件
蛇果视频（原西柚、剧星视频）Ver.7.3.2 会员版 去更新 去广告.apk,软件,??：https://www.kdocs.cn/l/cmy3FUHCYgvW   ,,https://pan.quark.cn/s/bf5bc42a7c9a,,,,,WX:hecbof     qq群:344182238,2026/4/9,13511,??软件
手机电视高清直播 Ver.8.0.25 去广告 去更新.apk,软件,??：https://www.kdocs.cn/l/cmy3FUHCYgvW   ,,https://pan.quark.cn/s/8b7825fa447e,,,,,WX:hecbof     qq群:344182238,2026/4/9,13512,??软件
嘶哩嘶哩 Ver.3.2.5 禁止广告初始化 去更新 去除公告 去除友盟 去除获取剪切板数据 其他布局调整.apk,软件,??：https://www.kdocs.cn/l/cmy3FUHCYgvW   ,,https://pan.quark.cn/s/ad38eb163826,,,,,WX:hecbof     qq群:344182238,2026/4/9,13513,??软件
松子 Ver.1.0.1 禁止广告初始化 秒启动app 去除获取剪切板数据.apk,软件,??：https://www.kdocs.cn/l/cmy3FUHCYgvW   ,,https://pan.quark.cn/s/f2aef2676e6d,,,,,WX:hecbof     qq群:344182238,2026/4/9,13514,??软件
泰剧兔 Ver.1.5.6.8 免广告领会员 去广告 去更新 去除公告 去除获取剪切板数据.apk,软件,??：https://www.kdocs.cn/l/cmy3FUHCYgvW   ,,https://pan.quark.cn/s/a25157d27b66,,,,,WX:hecbof     qq群:344182238,2026/4/9,13515,??软件
泰圈 Ver.1.5.7.1 免广告领会员 去除广告 去除更新 去除公告 去除获取剪切板数据.apk,软件,??：https://www.kdocs.cn/l/cmy3FUHCYgvW   ,,https://pan.quark.cn/s/228f69594a7c,,,,,WX:hecbof     qq群:344182238,2026/4/9,13516,??软件
豚豚剧 Ver.1.0.1.9 解锁本地会员 去更新 去公告.apk,软件,??：https://www.kdocs.cn/l/cmy3FUHCYgvW   ,,https://pan.quark.cn/s/e025d9e7ea04,,,,,WX:hecbof     qq群:344182238,2026/4/9,13517,??软件
戏曲多多 Ver.3.1.3.0 会员版 去更新.apk,软件,??：https://www.kdocs.cn/l/cmy3FUHCYgvW   ,,https://pan.quark.cn/s/b4e260bc2b45,,,,,WX:hecbof     qq群:344182238,2026/4/9,13518,??软件
戏曲多多 Ver.3.8.9.0 会员版 去更新.apk,软件,??：https://www.kdocs.cn/l/cmy3FUHCYgvW   ,,https://pan.quark.cn/s/467004576c60,,,,,WX:hecbof     qq群:344182238,2026/4/9,13519,??软件
星芽免费短剧 Ver.3.1.0.1 会员版.apk,软件,??：https://www.kdocs.cn/l/cmy3FUHCYgvW   ,,https://pan.quark.cn/s/33665a5f9a9c,,,,,WX:hecbof     qq群:344182238,2026/4/9,13520,??软件
星芽免费短剧 Ver.3.8.5 会员版 去广告 去更新 其他布局调整.apk,软件,??：https://www.kdocs.cn/l/cmy3FUHCYgvW   ,,https://pan.quark.cn/s/bf4a4243d6f4,,,,,WX:hecbof     qq群:344182238,2026/4/9,13521,??软件
星芽免费短剧 Ver.会员版 去更新 去广告.apk,软件,??：https://www.kdocs.cn/l/cmy3FUHCYgvW   ,,https://pan.quark.cn/s/366c88f1147d,,,,,WX:hecbof     qq群:344182238,2026/4/9,13522,??软件
央视影音 Ver.7.9.11 去广告版.apk,软件,??：https://www.kdocs.cn/l/cmy3FUHCYgvW   ,,https://pan.quark.cn/s/5d4253614536,,,,,WX:hecbof     qq群:344182238,2026/4/9,13523,??软件
阳光彼岸 Ver.3.0.2 禁止广告初始化 去更新 去除公告 其他布局调整.apk,软件,??：https://www.kdocs.cn/l/cmy3FUHCYgvW   ,,https://pan.quark.cn/s/91cf17e958cb,,,,,WX:hecbof     qq群:344182238,2026/4/9,13524,??软件
追剧吧 Ver.1.5.5.9 免广告领会员 去广告 去除公告 去除获取剪切板数据.zip,软件,??：https://www.kdocs.cn/l/cmy3FUHCYgvW   ,,https://pan.quark.cn/s/93cc96d30111,,,,,WX:hecbof     qq群:344182238,2026/4/9,13525,??软件
NyaFun Ver.1.0.1 禁止广告初始化 去更新 去公告 去除轮播图.apk,软件,??：https://www.kdocs.cn/l/cmy3FUHCYgvW   ,,https://pan.quark.cn/s/7cc4edb90d3a,,,,,WX:hecbof     qq群:344182238,2026/4/9,13526,??软件
RiMusic（音乐软件）Ver.0.6.49.1.apk,软件,??：https://www.kdocs.cn/l/cmy3FUHCYgvW   ,,https://pan.quark.cn/s/428c032d2bbb,,,,,WX:hecbof     qq群:344182238,2026/4/9,13527,??软件
李跳跳真实好友,软件,??：https://www.kdocs.cn/l/cmy3FUHCYgvW   ,https://pan.quark.cn/s/b1b3d871a24e,,,,,,WX:hecbof     qq群:344182238,2026/4/9,13528,??软件
迅雷全平台破解版,软件,??：https://www.kdocs.cn/l/cmy3FUHCYgvW   ,"https://pan.baidu.com/s/1_kRoyI32zhTONa3CG6Gvqg?pwd=r3ph
",https://pan.quark.cn/s/0954bff78f15,,,,,WX:hecbof     qq群:344182238,2026/4/9,13529,??软件
网易云破解,软件,??：https://www.kdocs.cn/l/cmy3FUHCYgvW   ,https://pan.baidu.com/s/1UvXZLwqzYwARKTAXv-WE0g?pwd=l59u,https://pan.quark.cn/s/5e569593ba43,,,,,WX:hecbof     qq群:344182238,2026/4/9,13530,??软件
PanTools,软件,??：https://www.kdocs.cn/l/cmy3FUHCYgvW   ,https://pan.quark.cn/s/9177c769e11d,,,,,,WX:hecbof     qq群:344182238,2026/4/9,13531,??软件
橘子视频破解,软件,??：https://www.kdocs.cn/l/cmy3FUHCYgvW   ,https://pan.baidu.com/s/1sk4-_RxldfwviDfOn2JGjA?pwd=e3h1,https://pan.quark.cn/s/3a81d4f3b9be,,,,,WX:hecbof     qq群:344182238,2026/4/9,13532,??软件
番??系列全家桶,软件,??：https://www.kdocs.cn/l/cmy3FUHCYgvW   ,https://pan.quark.cn/s/f74135fa6c97,,,,,,WX:hecbof     qq群:344182238,2026/4/9,13533,??软件
腾讯视频破解,软件,??：https://www.kdocs.cn/l/cmy3FUHCYgvW   ,https://pan.baidu.com/s/1DoCAdNQ8AixJG25rqK0sug?pwd=44q9,https://pan.quark.cn/s/4335e55c6a7b,,,,,WX:hecbof     qq群:344182238,2026/4/9,13534,??软件
20210113-Office 2024预览直装版,Office 2024预览直装版,??：https://www.kdocs.cn/l/cmy3FUHCYgvW   ,https://pan.baidu.com/s/1XE9zYPCM0l5V1r3ONyH-uw?pwd=sili#,,,,,,WX:hecbof     qq群:344182238,2026/4/9,13966,软件小妹
20210114-小红书下载器,小红书下载,??：https://www.kdocs.cn/l/cmy3FUHCYgvW   ,https://pan.baidu.com/s/1863KNeyZJXNkatGcCWfvww?pwd=sili#,,,,,,WX:hecbof     qq群:344182238,2026/4/9,13967,软件小妹
20210115-音量控制,独立音量控制,??：https://www.kdocs.cn/l/cmy3FUHCYgvW   ,https://pan.baidu.com/s/1Y2g7q7JbMun_StwTgT5Y6Q?pwd=sili#,,,,,,WX:hecbof     qq群:344182238,2026/4/9,13968,软件小妹
20210117-金山PDF西工大定制版,PDF,??：https://www.kdocs.cn/l/cmy3FUHCYgvW   ,https://pan.baidu.com/s/13cJ8pmC5tLHgfQSBzJDc0Q?pwd=sili#,,,,,,WX:hecbof     qq群:344182238,2026/4/9,13969,软件小妹
20210128-方格音乐,音乐,??：https://www.kdocs.cn/l/cmy3FUHCYgvW   ,https://pan.baidu.com/s/1NDqNcCL9eDLhB39NI35aCw?pwd=sili#,,,,,,WX:hecbof     qq群:344182238,2026/4/9,13970,软件小妹
20230613-沙拉词典和TTim翻译,软件,??：https://www.kdocs.cn/l/cmy3FUHCYgvW   ,https://pan.baidu.com/s/1IfhexZ1kT3jfDNn4dwIAkA?pwd=sili#,,,,,,WX:hecbof     qq群:344182238,2026/4/9,13971,软件小妹
20231130-思维导图,软件,??：https://www.kdocs.cn/l/cmy3FUHCYgvW   ,https://pan.baidu.com/s/1NnYkinDzOHpJieyybfwiNg?pwd=sili#,,,,,,WX:hecbof     qq群:344182238,2026/4/9,13972,软件小妹
20240112-三款下载器,PDF编辑,??：https://www.kdocs.cn/l/cmy3FUHCYgvW   ,https://pan.baidu.com/s/1J0ulRaL4NhqZSSypiGOyiQ?pwd=sili#,,,,,,WX:hecbof     qq群:344182238,2026/4/9,13973,软件小妹
20240115-Avast Cleanup安卓手机清理软件,手机清理,??：https://www.kdocs.cn/l/cmy3FUHCYgvW   ,https://pan.baidu.com/s/1j4DVzuzNJUf7zZrdnbvwdA?pwd=sili#,,,,,,WX:hecbof     qq群:344182238,2026/4/9,13974,软件小妹
20240116-zTasker定时任务软件,,??：https://www.kdocs.cn/l/cmy3FUHCYgvW   ,https://pan.baidu.com/s/1beYT2PeisDAzfF9qc5zDIg?pwd=sili#,,,,,,WX:hecbof     qq群:344182238,2026/4/9,13975,软件小妹
20240116-白马地图,地图,??：https://www.kdocs.cn/l/cmy3FUHCYgvW   ,https://pan.baidu.com/s/10A6PeI7MjmQsWhOxLRbPLA?pwd=sili#,,,,,,WX:hecbof     qq群:344182238,2026/4/9,13976,软件小妹
20240116-视频压缩,软件,??：https://www.kdocs.cn/l/cmy3FUHCYgvW   ,https://pan.baidu.com/s/1w7VXLML-1daf8gk8aiV83A?pwd=sili#,,,,,,WX:hecbof     qq群:344182238,2026/4/9,13977,软件小妹
20240117-加速球,软件,??：https://www.kdocs.cn/l/cmy3FUHCYgvW   ,https://pan.baidu.com/s/1IZY8I54CG2uw5uAYiyR6dg?pwd=sili#,,,,,,WX:hecbof     qq群:344182238,2026/4/9,13978,软件小妹
20240118-蓝奏云盘第三方客户端,蓝奏云盘第三方客户端,??：https://www.kdocs.cn/l/cmy3FUHCYgvW   ,https://pan.baidu.com/s/15I7EFIgWCS2D0425b-A3pA?pwd=sili#,,,,,,WX:hecbof     qq群:344182238,2026/4/9,13979,软件小妹
20240118-普听音乐,百度文库下载,??：https://www.kdocs.cn/l/cmy3FUHCYgvW   ,https://pan.baidu.com/s/1R5juSQ6iAyh3BduyKOvYAw?pwd=sili#,,,,,,WX:hecbof     qq群:344182238,2026/4/9,13980,软件小妹
20240119-搜索文本,内容搜索文件搜索,??：https://www.kdocs.cn/l/cmy3FUHCYgvW   ,https://pan.baidu.com/s/1MyoxbS00U4kL8GcNGpo4ow?pwd=sili#,,,,,,WX:hecbof     qq群:344182238,2026/4/9,13981,软件小妹
20240120-阿香婆电脑清理软件,软件,??：https://www.kdocs.cn/l/cmy3FUHCYgvW   ,https://pan.baidu.com/s/1VLjgR0PmMliII4OnHxm_Xw?pwd=sili#,,,,,,WX:hecbof     qq群:344182238,2026/4/9,13982,软件小妹
20240120-桌面倒计时软件Mamsds,桌面倒计时软件Mamsds,??：https://www.kdocs.cn/l/cmy3FUHCYgvW   ,https://pan.baidu.com/s/1DHtLg9oBnIa43mwCEGCXIw?pwd=sili#,,,,,,WX:hecbof     qq群:344182238,2026/4/9,13983,软件小妹
20240121-ACDSee图片查看编辑软件,定时任务,??：https://www.kdocs.cn/l/cmy3FUHCYgvW   ,https://pan.baidu.com/s/1qCmvuqC00OQWOhbuH1jGHg?pwd=sili#,,,,,,WX:hecbof     qq群:344182238,2026/4/9,13984,软件小妹
20240121-PDF盖章,软件,??：https://www.kdocs.cn/l/cmy3FUHCYgvW   ,https://pan.baidu.com/s/1t2uGVeXuFwU_N7S724ouMg?pwd=sili#,,,,,,WX:hecbof     qq群:344182238,2026/4/9,13985,软件小妹
20240123-益达,小说、电影、漫画、音乐,??：https://www.kdocs.cn/l/cmy3FUHCYgvW   ,https://pan.baidu.com/s/1hxHvN5Y-Jz62uEAorwQE_g?pwd=sili#,,,,,,WX:hecbof     qq群:344182238,2026/4/9,13986,软件小妹
20240124-Bypass分流自动抢票,抢票,??：https://www.kdocs.cn/l/cmy3FUHCYgvW   ,https://pan.baidu.com/s/171NvhsWEPqEAUUW52feM5A?pwd=sili#,,,,,,WX:hecbof     qq群:344182238,2026/4/9,13987,软件小妹
20240124-家庭KTV,K歌软件,??：https://www.kdocs.cn/l/cmy3FUHCYgvW   ,https://pan.baidu.com/s/1KZkuk1R8oMCqyAGNqmfBIg?pwd=sili#,,,,,,WX:hecbof     qq群:344182238,2026/4/9,13988,软件小妹
20240125-抠图,软件,??：https://www.kdocs.cn/l/cmy3FUHCYgvW   ,https://pan.baidu.com/s/1MTT8JhH3pQgogqRg7p6mZg?pwd=sili#,,,,,,WX:hecbof     qq群:344182238,2026/4/9,13989,软件小妹
20240126-QQ影音和PotPlayer,,??：https://www.kdocs.cn/l/cmy3FUHCYgvW   ,https://pan.baidu.com/s/1mnMyKnr7GoyYxw6LpxvhQw?pwd=sili#,,,,,,WX:hecbof     qq群:344182238,2026/4/9,13990,软件小妹
20240126-图片上色,软件,??：https://www.kdocs.cn/l/cmy3FUHCYgvW   ,https://pan.baidu.com/s/1l5Vv3_3WtBC9FqbnBHnWhA?pwd=sili#,,,,,,WX:hecbof     qq群:344182238,2026/4/9,13991,软件小妹
20240127-Aria2手机端和电脑端,网盘音乐,??：https://www.kdocs.cn/l/cmy3FUHCYgvW   ,https://pan.baidu.com/s/1UkXBCZTUwyBwiqlZy9Oeiw?pwd=sili#,,,,,,WX:hecbof     qq群:344182238,2026/4/9,13992,软件小妹
20240127-gamebox,Steam游戏下载,??：https://www.kdocs.cn/l/cmy3FUHCYgvW   ,https://pan.baidu.com/s/1s_Sr89zDLYH2RYFefAy5QA?pwd=sili#,,,,,,WX:hecbof     qq群:344182238,2026/4/9,13993,软件小妹
20240128-HiBitUninstaller,软件,??：https://www.kdocs.cn/l/cmy3FUHCYgvW   ,https://pan.baidu.com/s/1ssjKaqHNC__6CfyvAiDDIA?pwd=sili#,,,,,,WX:hecbof     qq群:344182238,2026/4/9,13994,软件小妹
20240128-三款APP,,??：https://www.kdocs.cn/l/cmy3FUHCYgvW   ,https://pan.baidu.com/s/1gHDPSy4d8HZGed2evxcaOw?pwd=sili#,,,,,,WX:hecbof     qq群:344182238,2026/4/9,13995,软件小妹
20240129-批量二维码生成器,二维码生成,??：https://www.kdocs.cn/l/cmy3FUHCYgvW   ,https://pan.baidu.com/s/1mZIvIqoE_wK2Omcj99Mm7g?pwd=sili#,,,,,,WX:hecbof     qq群:344182238,2026/4/9,13996,软件小妹
20240130-光影魔术手,图片查看,??：https://www.kdocs.cn/l/cmy3FUHCYgvW   ,https://pan.baidu.com/s/1SkJfjE5q7VronOK7GRL6Ew?pwd=sili#,,,,,,WX:hecbof     qq群:344182238,2026/4/9,13997,软件小妹
20240130-两款插件,软件,??：https://www.kdocs.cn/l/cmy3FUHCYgvW   ,https://pan.baidu.com/s/1SEHRsjrTFkdLs7VfY5qK9A?pwd=sili#,,,,,,WX:hecbof     qq群:344182238,2026/4/9,13998,软件小妹
20240131-某Lei和1DM+,图片编辑,??：https://www.kdocs.cn/l/cmy3FUHCYgvW   ,https://pan.baidu.com/s/1gX25h_k19YjjbLD9L8uuBw?pwd=sili#,,,,,,WX:hecbof     qq群:344182238,2026/4/9,13999,软件小妹
20240201-Dreamface,图片标签,??：https://www.kdocs.cn/l/cmy3FUHCYgvW   ,https://pan.baidu.com/s/1J2AYrge0moZEcBjjNu1fVA?pwd=sili#,,,,,,WX:hecbof     qq群:344182238,2026/4/9,14000,软件小妹
20240201-六爻占卜,占卜软件,??：https://www.kdocs.cn/l/cmy3FUHCYgvW   ,https://pan.baidu.com/s/1Icb-H_vjcfLD9o84ay0hag?pwd=sili#,,,,,,WX:hecbof     qq群:344182238,2026/4/9,14001,软件小妹
20240201-三款小工具,,??：https://www.kdocs.cn/l/cmy3FUHCYgvW   ,https://pan.baidu.com/s/16UXrbzhJ4um2Pc0lHpoUig?pwd=sili#,,,,,,WX:hecbof     qq群:344182238,2026/4/9,14002,软件小妹
20240202-四款小工具,,??：https://www.kdocs.cn/l/cmy3FUHCYgvW   ,https://pan.baidu.com/s/1K2jfWz9lq1bTSSsYDG99Ig?pwd=sili#,,,,,,WX:hecbof     qq群:344182238,,,
